business_name,contact_name,email,website,type,neighborhood,notes
The Daily Grind,Mike Thompson,mike@dailygrinddenver.com,dailygrinddenver.com,cafe,Downtown Denver,Popular with office workers
Sunrise Bakery,,,sunrisebakeryco.com,bakery,Capitol Hill,No email found - check website
Bean & Leaf,Sarah Chen,sarah@beanandleaf.com,beanandleaf.com,cafe,RiNo,Trendy spot
Morningside Cafe,Tom Williams,info@morningsidecafe.com,morningsidecafe.com,cafe,Highlands,Brunch crowd
The Rustic Table,Chef Amanda,,rustictabledenver.com,restaurant,LoDo,Farm-to-table focus
Parkview Diner,,,parkviewdiner.com,diner,Sloan's Lake,Classic breakfast spot
Urban Grounds,Jake Martinez,jake@urbangrounds.co,urbangrounds.co,cafe,Five Points,Third wave coffee focus
Sweet Mornings Bakery,Lisa Park,lisa@sweetmornings.com,sweetmorningsbakery.com,bakery,Cherry Creek,High-end bakery
The Breakfast Club,,,thebreakfastclubdenver.com,restaurant,Wash Park,Weekend brunch lines
Corner Coffee,Dan & Kim,hello@cornercoffee.com,cornercoffeeco.com,cafe,Berkeley,Neighborhood spot
Altitude Cafe,Maria Gonzalez,maria@altitudecafe.co,altitudecafe.co,cafe,Golden,Mountain town vibe
Summit Eats,,,summiteatsco.com,restaurant,Boulder,Health-conscious crowd
The Flour Mill,Emma Watson,emma@theflourmill.co,theflourmill.co,bakery,Littleton,Artisan breads
Java Junction,,,javajunctiondenver.com,cafe,Aurora,Family owned
Cafe Nouveau,Pierre Dubois,pierre@cafenouveaudenver.com,cafenouveaudenver.com,cafe,Cherry Creek North,French inspired
The Breakfast Spot,,,thebreakfastspotco.com,diner,Arvada,Local favorite
Greenleaf Cafe,,,greenleafcafe.com,cafe,Boulder,Organic focus
Morning Glory,Susan Reed,susan@morningglorydenver.com,morningglorydenver.com,cafe,Congress Park,Cozy neighborhood spot
The Coffee Collective,,,thecoffeecollective.co,cafe,LoHi,Specialty coffee
Brewer's Table,,,brewerstabledenver.com,restaurant,RiNo,Craft beer focus but serves coffee
Pine Street Bakery,Katie Miller,katie@pinestreetbakery.com,pinestreetbakery.com,bakery,Boulder,Wedding cakes and pastries
Trailhead Coffee,,,trailheadcoffeeco.com,cafe,Evergreen,Mountain community hub
The Local Bite,,,thelocalbite.co,restaurant,Lakewood,Farm sourced ingredients
Daybreak Diner,George Hansen,george@daybreakdiner.com,daybreakdiner.com,diner,Westminster,Old school diner
Cafe Strada,,,cafestradadenver.com,cafe,University Hills,Student crowd
Mountain View Bistro,Chef Ryan,ryan@mountainviewbistro.com,mountainviewbistro.com,restaurant,Morrison,Scenic location
